{"nodes":["0,0","3,13.999999999999998","7.999999999999998,6","12.999999999999996,18","17,6","21,18","26,6","30.999999999999996,13.999999999999998","34,0"],"members":["0,1","0,2","2,1","1,3","3,2","2,4","4,3","3,5","5,4","4,6","6,5","5,7","7,6","6,8","8,7"],"supports":{"0":"P","8":"Rh"},"forces":["4,0,-70"],"workspace":{"workspace-width":60,"workspace-height":28,"workspace-width-pixels":1280,"Yaxis-dist-from-left":12,"Xaxis-dist-from-bottom":4,"grid-x":1,"grid-y":1,"force-scale":5}}