{"nodes":["0,0","34.00000000000001,0","12,4.999999999999998","21.999999999999996,4.999999999999998","17.000000000000004,13","3.0000000000000027,12","30.999999999999993,12"],"members":["0,2","1,3","2,3","5,2","0,5","4,6","6,1","6,3","4,3","4,2","5,4"],"supports":{"0":"P","1":"Rh"},"forces":["3,0,-32"],"workspace":{"workspace-width":70,"workspace-height":28,"workspace-width-pixels":648,"Yaxis-dist-from-left":32.407407407407405,"Xaxis-dist-from-bottom":8.53395061728395,"grid-x":1,"grid-y":1,"force-scale":5}}