{"nodes":["0,1.0000000000000002","0,4.999999999999998","4.000000000000001,4.999999999999998","4.000000000000001,9","8.000000000000002,9","8.000000000000002,4.999999999999998","12.000000000000002,4.999999999999998","12.000000000000002,1.0000000000000002"],"members":["0,1","1,3","3,2","1,2","6,5","2,5","3,4","4,6","6,7","4,5","2,4","0,2","5,7"],"supports":{"0":"P","7":"Rh"},"forces":["2,0,-99.99999999999982"],"workspace":{"workspace-width":70,"workspace-height":18,"workspace-width-pixels":1969,"Yaxis-dist-from-left":22.91264601320467,"Xaxis-dist-from-bottom":-0.32706957846622814,"grid-x":1,"grid-y":1,"force-scale":100}}