{"nodes":["0,0","34,0","12,0","22,0","13.7,9.9","23.6,9.9","3.999999999999999,8.000000000000002","31.6,8.000000000000002"],"members":["0,2","1,3","2,3","4,2","4,3","4,5","5,3","0,6","4,6","5,7","1,7","6,2","3,7"],"supports":{"0":"P","1":"Rh"},"forces":["3,0,-32"],"workspace":{"workspace-width":60,"workspace-height":28,"workspace-width-pixels":1280,"Yaxis-dist-from-left":12,"Xaxis-dist-from-bottom":4,"grid-x":0.1,"grid-y":0.1,"force-scale":5}}