{"nodes":["0,0","7.999999999999999,0","14.999999999999998,0","4.999999999999999,6.999999999999999","11,9","17,9","23,6.999999999999999","22.999999999999996,0"],"members":["0,3","0,1","3,1","3,4","4,1","4,5","4,2","1,2","2,5","5,6","6,2","2,7","7,6"],"supports":{"0":"P","7":"Rh"},"forces":["2,0,-32.000000000000014"],"workspace":{"workspace-width":33.89999999999999,"workspace-height":15.819999999999997,"workspace-width-pixels":1502,"Yaxis-dist-from-left":5.4499999999999975,"Xaxis-dist-from-bottom":4.909999999999999,"grid-x":1,"grid-y":1,"force-scale":32}}