{"nodes":["0,0","11.999999999999998,0","20.000000000000004,0","4,6.999999999999999","11.999999999999998,9","20.000000000000004,9","27.999999999999996,6","34,0"],"members":["0,3","0,1","3,1","3,4","4,1","4,5","4,2","1,2","2,5","5,6","6,2","2,7","7,6"],"supports":{"0":"P","7":"Rh"},"forces":["2,0,-32.000000000000014"],"workspace":{"workspace-width":46.89999999999999,"workspace-height":21.886666666666663,"workspace-width-pixels":1500,"Yaxis-dist-from-left":11.949999999999998,"Xaxis-dist-from-bottom":7.943333333333333,"grid-x":1,"grid-y":1,"force-scale":32}}